term,estimate,se,t_val,p_val,topic,destination,sig
destinationkrasno,0.353586742269248,0.0144054282483275,24.5453822110634,2.81460487073457e-130,1,krasno,***
destinationludbreg,-0.0264627458168151,0.00616521226029793,-4.29226840853916,1.78054237326112e-05,1,ludbreg,***
destinationmarija_bistrica,-0.103404697257064,14.5278441512434,-0.00711769042815719,0.994321054757307,1,marija_bistrica,""
destinationnin,-0.0156010133832972,16.9275955882067,-0.000921631976733083,0.999264657400082,1,nin,""
destinationsinj,-0.10131957098744,14.5278238409079,-0.00697417397794574,0.994435559415747,1,sinj,""
destinationsolin,-0.0423258265577195,16.9275892181024,-0.00250040487232855,0.998005003504247,1,solin,""
destinationtrsat,-0.103767158607242,14.5277982367438,-0.00714266242662936,0.994301130850004,1,trsat,""
destinationvepric,-0.0338293325948924,0.00742581109296882,-4.55564142035931,5.26701521825975e-06,1,vepric,***
destinationvocin,0.0793213357496755,0.0055557313749547,14.2773885914026,6.3904118092727e-46,1,vocin,***
destinationkrasno,-0.00440569063978261,0.00675483574110435,-0.65222764973739,0.514265106634265,2,krasno,""
destinationludbreg,0.00148510796896029,0.00589861236758546,0.251772429922906,0.801220689543013,2,ludbreg,""
destinationmarija_bistrica,0.159598725278004,14.5455716645473,0.0109723240143942,0.991245685143527,2,marija_bistrica,""
destinationnin,-0.0233529397778332,16.9403624613455,-0.00137853837727026,0.998900105636038,2,nin,""
destinationsinj,0.081884025418109,14.5455643131156,0.00562948426444171,0.995508425901464,2,sinj,""
destinationsolin,-0.0163398694667684,16.9403086657194,-0.00096455559276992,0.999230409940532,2,solin,""
destinationtrsat,0.0745317206522462,14.5455890214678,0.00512400842222649,0.995911724186387,2,trsat,""
destinationvepric,-0.0100189198617858,0.00716184461480678,-1.39893008025784,0.161856255666684,2,vepric,""
destinationvocin,0.0420204917955204,0.00431113949802375,9.74695711302842,2.24162691230896e-22,2,vocin,***
destinationkrasno,-0.21971925470721,0.0102055303139264,-21.5294304116057,3.67277711275081e-101,3,krasno,***
destinationludbreg,-0.23270117085912,0.00927060599385966,-25.1009665401861,5.06772469054674e-136,3,ludbreg,***
destinationmarija_bistrica,-0.250218619480871,17.4319902834452,-0.0143539903024441,0.988547771955435,3,marija_bistrica,""
destinationnin,0.0285487933065572,20.1003137448504,0.00142031580546205,0.998866772703041,3,nin,""
destinationsinj,-0.25008288700312,17.4319984589999,-0.0143461971724765,0.988553989221498,3,sinj,""
destinationsolin,0.0117102742191436,20.1003246472277,0.000582591297636512,0.999535167782016,3,solin,""
destinationtrsat,-0.248701317898893,17.4319490357129,-0.0142669828479522,0.988617185503415,3,trsat,""
destinationvepric,-0.243547601872416,0.0105320436209878,-23.1244391532033,4.02808700926393e-116,3,vepric,***
destinationvocin,-0.245410341616648,0.00689694348263261,-35.5824782723859,1.74534582446078e-265,3,vocin,***
destinationkrasno,0.00400011449106759,0.00788977289332329,0.506999953630185,0.612162890935678,4,krasno,""
destinationludbreg,-0.00940822048293383,0.00685493158638391,-1.37247474527996,0.169937832417347,4,ludbreg,""
destinationmarija_bistrica,-0.111703381989815,15.5603136266001,-0.00717873589635496,0.994272349640886,4,marija_bistrica,""
destinationnin,-0.31496633719498,18.0505457654694,-0.0174491309729542,0.986078564610363,4,nin,""
destinationsinj,-0.068499504678004,15.5603658675972,-0.00440217828172323,0.996487644410275,4,sinj,""
destinationsolin,-0.330399485098728,18.0505642853071,-0.0183041083855572,0.985396512617992,4,solin,""
destinationtrsat,-0.116489140807356,15.560312171329,-0.00748629844470574,0.99402696124239,4,trsat,""
destinationvepric,-0.0190770536763077,0.00859005612215969,-2.22082992299606,0.0263785331768689,4,vepric,*
destinationvocin,-0.0212829612167404,0.00429675918523381,-4.95325902598433,7.38379771956926e-07,4,vocin,***
destinationkrasno,0.0280810939362917,0.00975477017506239,2.87870379643384,0.0039992196421746,5,krasno,**
destinationludbreg,-0.000805035186779492,0.00637173554787446,-0.126344726759422,0.899460879796908,5,ludbreg,""
destinationmarija_bistrica,-0.0112378423127808,13.1990691315971,-0.000851411732201528,0.9993206840197,5,marija_bistrica,""
destinationnin,0.0542242459329148,15.3018397013975,0.00354364226727342,0.997172639297833,5,nin,""
destinationsinj,-0.00458832286794169,13.1990777010994,-0.000347624506184968,0.999722640765872,5,sinj,""
destinationsolin,0.0771285869884809,15.3019454351553,0.00504044321131106,0.995978397518101,5,solin,""
destinationtrsat,-0.0119449068385191,13.1990697622941,-0.000904980961055468,0.99927794274401,5,trsat,""
destinationvepric,0.0410048209177338,0.00991279199084274,4.13655617464921,3.54630038670383e-05,5,vepric,***
destinationvocin,-0.0165437358853992,0.00373770301491692,-4.42617720545861,9.6648076585816e-06,5,vocin,***
destinationkrasno,-0.00172191368825474,0.0102166342525927,-0.168540210570596,0.866160763973972,6,krasno,""
destinationludbreg,0.0277626662560577,0.00980375893442299,2.83183893461286,0.00463476411050718,6,ludbreg,**
destinationmarija_bistrica,0.411711488567009,22.1397582006513,0.0185960246194061,0.985163640991917,6,marija_bistrica,""
destinationnin,-0.183428501262416,25.5313249746684,-0.00718444896394566,0.99426779147197,6,nin,""
destinationsinj,0.259076524700953,22.1397746834504,0.0117018591383685,0.990663648218136,6,sinj,""
destinationsolin,-0.193954328645293,25.5312091087456,-0.00759675453752227,0.993938834122154,6,solin,""
destinationtrsat,0.265368667763726,22.1397229200403,0.0119860880247747,0.990436886362754,6,trsat,""
destinationvepric,0.00517361494036508,0.0115672364356995,0.447264562207613,0.654691017431253,6,vepric,""
destinationvocin,0.0361895514972735,0.00615156053297487,5.88298713851271,4.12190040892466e-09,6,vocin,***
destinationkrasno,5.11969325860542e-05,0.00702373356590414,0.00728913363607405,0.994184268877354,7,krasno,""
destinationludbreg,0.00548066853687146,0.00621888171352659,0.88129486768506,0.37817347600112,7,ludbreg,""
destinationmarija_bistrica,0.143155556277297,15.2931626711733,0.00936075547977638,0.992531441085219,7,marija_bistrica,""
destinationnin,-0.320056319469603,17.8372748371102,-0.0179431175665764,0.985684489136578,7,nin,""
destinationsinj,0.0284307179218794,15.2931706894671,0.001859046662015,0.998516722893317,7,sinj,""
destinationsolin,-0.324086248083625,17.8372078007224,-0.0181691132213249,0.985504203328368,7,solin,""
destinationtrsat,0.0301092974634692,15.2932265403703,0.00196879954560198,0.998429154496863,7,trsat,""
destinationvepric,-0.0038230378221198,0.00747679132428079,-0.51132065297911,0.609134664399122,7,vepric,""
destinationvocin,-0.00347316998216704,0.00386197148097908,-0.899325642168266,0.368494806227323,7,vocin,""
destinationkrasno,-0.0933625527278305,0.00784266051604395,-11.9044490752642,1.61418488382377e-32,8,krasno,***
destinationludbreg,-0.0890163844278504,0.00697716452404259,-12.7582464368024,4.52526181914253e-37,8,ludbreg,***
destinationmarija_bistrica,-0.0789034587447189,16.4619895306416,-0.00479306942808169,0.996175767305526,8,marija_bistrica,""
destinationnin,-0.335537200858475,19.028691298117,-0.0176332253018198,0.985931703826074,8,nin,""
destinationsinj,-0.0801204098016474,16.4620036269588,-0.00486699016822223,0.996116788836676,8,sinj,""
destinationsolin,-0.335251301781437,19.0287279588648,-0.0176181667269701,0.985943716748159,8,solin,""
destinationtrsat,-0.080187514473061,16.4620024942812,-0.0048710668401926,0.99611353622009,8,trsat,""
destinationvepric,-0.0947502217491284,0.00844019135044646,-11.2260750751956,4.05156279403675e-29,8,vepric,***
destinationvocin,0.17466204834626,0.00823352457286479,21.2135212326801,2.57065845416485e-98,8,vocin,***
destinationkrasno,0.0131946495676083,0.00719009437892759,1.83511493343934,0.0665100093231659,9,krasno,""
destinationludbreg,-0.00464469106646817,0.00559216988089268,-0.8305704521492,0.406230592938032,9,ludbreg,""
destinationmarija_bistrica,-0.124601691509067,14.8878408406675,-0.00836935945531515,0.993322415328777,9,marija_bistrica,""
destinationnin,0.0174392914340995,17.241554366096,0.00101146863350049,0.999192979440882,9,nin,""
destinationsinj,-0.12382292685851,14.8878374281109,-0.00831705259117825,0.993364147965126,9,sinj,""
destinationsolin,0.0164602727366403,17.2415933376332,0.000954683967676728,0.999238286212547,9,solin,""
destinationtrsat,0.058349121116598,14.8878015086538,0.00391925705636803,0.996872949533374,9,trsat,""
destinationvepric,0.150432288561058,0.0134912391506084,11.1503685378132,9.44201415092748e-29,9,vepric,***
destinationvocin,-0.0045851485083774,0.00375345377051097,-1.22158118594683,0.221886756772672,9,vocin,""
destinationkrasno,-0.00732574881695059,0.00699970706621751,-1.04657934219943,0.295311825543264,10,krasno,""
destinationludbreg,0.00385823085951073,0.00649883086015172,0.593680762361102,0.552735309409526,10,ludbreg,""
destinationmarija_bistrica,-0.147679081607474,15.6320872400763,-0.00944717614093567,0.992462491662728,10,marija_bistrica,""
destinationnin,0.125585966224811,18.1652332575816,0.00691353446685831,0.994483940709027,10,nin,""
destinationsinj,-0.126510060081613,15.6320870995899,-0.00809297308002664,0.993542928314157,10,sinj,""
destinationsolin,0.278357821574679,18.1653099074473,0.0153235933211665,0.987774239788828,10,solin,""
destinationtrsat,-0.131306181046153,15.6320465343171,-0.00839980745693761,0.993298122629138,10,trsat,""
destinationvepric,0.000998784199405179,0.00806223859440518,0.123884227402832,0.901408732065877,10,vepric,""
destinationvocin,-0.00604135325266801,0.00394512611313627,-1.53134604051106,0.125706641338725,10,vocin,""
destinationkrasno,0.00389676688703887,0.00972759387552177,0.400588977798978,0.688728916518762,11,krasno,""
destinationludbreg,0.0375595188587127,0.0087736202336556,4.28096018045486,1.87335780606311e-05,11,ludbreg,***
destinationmarija_bistrica,-0.0747108651306956,19.2402338375722,-0.00388305390471922,0.996901834729967,11,marija_bistrica,""
destinationnin,-0.07174625984362,22.2756267340052,-0.00322084135725325,0.997430191055155,11,nin,""
destinationsinj,0.0204283005675511,19.2402570613906,0.00106174779798263,0.999152863214633,11,sinj,""
destinationsolin,-0.0717305072673691,22.2756353573956,-0.00322013294420148,0.997430756273899,11,solin,""
destinationtrsat,-0.0524594856636043,19.2403053197636,-0.00272654122643875,0.997824576659236,11,trsat,""
destinationvepric,-0.0134054404772717,0.00940761290780433,-1.42495663976043,0.154192179412999,11,vepric,""
destinationvocin,-0.00949530578906214,0.0049712724486041,-1.91003528517701,0.056149221800516,11,vocin,""
destinationkrasno,-0.00794945717812111,0.0064104463469126,-1.2400785761119,0.214967257888421,12,krasno,""
destinationludbreg,-0.000166529646127945,0.00562667785809902,-0.0295964422218064,0.976389327519188,12,ludbreg,""
destinationmarija_bistrica,0.0568857272496058,12.8577016347939,0.00442425317256304,0.99647003168389,12,marija_bistrica,""
destinationnin,0.00851503354458919,14.8402576918752,0.000573779358915784,0.999542198564288,12,nin,""
destinationsinj,0.0616125820966409,12.8577136715398,0.00479187697522139,0.99617671871722,12,sinj,""
destinationsolin,-0.115527778642277,14.8402828074805,-0.0077847423894134,0.993788848650473,12,solin,""
destinationtrsat,0.0578621987495365,12.8577432514031,0.00450018308953418,0.996409450067856,12,trsat,""
destinationvepric,-0.0138815139136608,0.00645822323608733,-2.14943234481173,0.0316173453488218,12,vepric,*
destinationvocin,-0.00393982393815158,0.0035074079722579,-1.12328647517309,0.261335239236515,12,vocin,""
destinationkrasno,0.00670552137767547,0.00673347141071001,0.995849090115673,0.31934080337704,13,krasno,""
destinationludbreg,-0.000834663992634488,0.00559074767845448,-0.149293804807379,0.881323968650852,13,ludbreg,""
destinationmarija_bistrica,-0.02642950939679,14.5476667603137,-0.00181675246156243,0.998550468119152,13,marija_bistrica,""
destinationnin,-0.0553680931120053,16.604259329789,-0.00333457169105228,0.997339449496721,13,nin,""
destinationsinj,0.060053666223666,14.5476765001329,0.00412805895313367,0.996706354067954,13,sinj,""
destinationsolin,-0.0440366323701292,16.6043346770388,-0.00265211664463889,0.9978839576016,13,solin,""
destinationtrsat,-0.0248612827440218,14.5476777394492,-0.00170895198459099,0.998636478775264,13,trsat,""
destinationvepric,-0.000635536195757976,0.00714464716701631,-0.0889527755397029,0.929120721992121,13,vepric,""
destinationvocin,-0.000965216010055298,0.00360860709105752,-0.267476060900949,0.789106610580662,13,vocin,""
destinationkrasno,-0.0764121372821944,0.00839982566240348,-9.09687181059068,1.05411747103079e-19,14,krasno,***
destinationludbreg,-0.0876220581412209,0.00729785200037,-12.0065545501304,4.78160212632348e-33,14,ludbreg,***
destinationmarija_bistrica,0.0419358810090057,15.9164744778618,0.00263474685096466,0.9978978163942,14,marija_bistrica,""
destinationnin,0.0947294711725687,18.4337857049798,0.00513890487220853,0.995899838909121,14,nin,""
destinationsinj,0.0303998639381568,15.9164740309466,0.00190996221142007,0.998476098965078,14,sinj,""
destinationsolin,0.154777321721892,18.4337357985473,0.00839641640812107,0.993300828150572,14,solin,""
destinationtrsat,0.0393649373652895,15.9164786198154,0.002473219001864,0.998026694233501,14,trsat,""
destinationvepric,-0.0910552814637612,0.00857083682192449,-10.6238496141752,2.91066957040694e-26,14,vepric,***
destinationvocin,-0.0802568085305997,0.00554385753145834,-14.476708334438,3.74417102824499e-47,14,vocin,***
destinationkrasno,0.024039042375458,0.0106129505582657,2.26506683918692,0.0235238978398634,15,krasno,*
destinationludbreg,-7.7169715367623e-06,0.00827359954576983,-0.000932722389338734,0.999255808693988,15,ludbreg,""
destinationmarija_bistrica,0.350609091120649,21.3641666391565,0.0164110820254532,0.986906674213834,15,marija_bistrica,""
destinationnin,0.105911008547232,24.1140509788976,0.00439208694714613,0.996495695907727,15,nin,""
destinationsinj,0.179905346454029,21.3641468595376,0.00842090010131691,0.993281294031649,15,sinj,""
destinationsolin,0.107483785033508,24.1140844351298,0.00445730317162378,0.996443662334042,15,solin,""
destinationtrsat,0.188646657040235,21.3642159519796,0.00883002949718618,0.992954874018317,15,trsat,""
destinationvepric,0.0136134901916413,0.0114803165361341,1.18581139716776,0.235717052303642,15,vepric,""
destinationvocin,-0.00324889644841735,0.00535325601968103,-0.606901003141438,0.543926521377052,15,vocin,""
destinationkrasno,0.0611880325346873,0.00969241145462776,6.31298339129756,2.82019453920901e-10,16,krasno,***
destinationludbreg,0.0457229231427872,0.00874210670705724,5.23019504050167,1.71788138092155e-07,16,ludbreg,***
destinationmarija_bistrica,0.221188118802368,16.6693094772715,0.0132691830518809,0.989413224751216,16,marija_bistrica,""
destinationnin,0.186707862451412,19.5229650071127,0.00956349931393057,0.992369685060659,16,nin,""
destinationsinj,0.215349637351358,16.6693011086103,0.0129189361898396,0.989692652331842,16,sinj,""
destinationsolin,0.342461763806623,19.5229669064612,0.0175414815508028,0.98600489211165,16,solin,""
destinationtrsat,0.211685147440111,16.6692865079575,0.0126991126668234,0.989868028584491,16,trsat,""
destinationvepric,0.0986011913927365,0.0128122746340454,7.69583810908399,1.50009685227669e-14,16,vepric,***
destinationvocin,0.0383894490661223,0.00523188439112286,7.33759506063612,2.29509002540586e-13,16,vocin,***
destinationkrasno,0.0091526675851568,0.0103092492016736,0.887811265991221,0.374657637985892,17,krasno,""
destinationludbreg,-0.00695192764543717,0.00849436088072638,-0.81841679945704,0.413133257123761,17,ludbreg,""
destinationmarija_bistrica,-0.247555332619966,21.8768783392303,-0.0113158435486677,0.990971618160008,17,marija_bistrica,""
destinationnin,0.208499970138117,24.9613798351269,0.00835290242427646,0.993335545444687,17,nin,""
destinationsinj,-0.245037835964925,21.876851545892,-0.011200781586459,0.991063416854231,17,sinj,""
destinationsolin,0.292207522346945,24.9612923862082,0.0117064260065476,0.990660004699621,17,solin,""
destinationtrsat,-0.0442334292199495,21.876882082023,-0.00202192565897211,0.998386766837725,17,trsat,""
destinationvepric,-0.0108487396802899,0.0106353961292125,-1.02005976538019,0.307717863909433,17,vepric,""
destinationvocin,-0.000978252376173982,0.00574212064676857,-0.170364302032648,0.86472612315668,17,vocin,""
destinationkrasno,-0.00715175556054736,0.00839574405222223,-0.851831060601996,0.394322534417343,18,krasno,""
destinationludbreg,-0.0103645166339541,0.00700963898831067,-1.4786091910351,0.139267446232464,18,ludbreg,""
destinationmarija_bistrica,-0.192230137720527,18.4604945698898,-0.0104130545903178,0.991691884043378,18,marija_bistrica,""
destinationnin,-0.114892347752883,21.2665797975291,-0.00540248356090772,0.995689540245838,18,nin,""
destinationsinj,-0.151078624132589,18.4605050420344,-0.00818388358219803,0.993470395934478,18,sinj,""
destinationsolin,-0.128506583950028,21.2664694511791,-0.0060426853759171,0.995178750658692,18,solin,""
destinationtrsat,-0.0823812822367934,18.4604958494251,-0.00446257147742644,0.996439458951563,18,trsat,""
destinationvepric,-0.0105690637227444,0.00904290216425368,-1.16876900034633,0.242516749663894,18,vepric,""
destinationvocin,0.0324244551784524,0.00517228731368481,6.26888129216331,3.74393068756729e-10,18,vocin,***
destinationkrasno,-0.0496966703421983,0.00733117100186415,-6.77881750808452,1.26047211534377e-11,19,krasno,***
destinationludbreg,-0.0472319236952148,0.00624838095798139,-7.55906594249554,4.31325955479367e-14,19,ludbreg,***
destinationmarija_bistrica,-0.0576381793854586,15.5473576940501,-0.00370726528067959,0.997042090227015,19,marija_bistrica,""
destinationnin,-0.0310126248947815,17.6232542877485,-0.00175975585373815,0.998595943942204,19,nin,""
destinationsinj,-0.0474362841198359,15.547386580285,-0.00305107767629499,0.997565639773661,19,sinj,""
destinationsolin,-0.0605922007943276,17.6233389520313,-0.00343817939150195,0.997256784472475,19,solin,""
destinationtrsat,-0.0633953698347966,15.5473605568285,-0.00407756478040596,0.996746641525327,19,trsat,""
destinationvepric,-0.0481839558001999,0.0078672786636993,-6.12460265612902,9.33593977685958e-10,19,vepric,***
destinationvocin,0.0813071215013854,0.00658446280260855,12.3483302949444,7.57240850625623e-35,19,vocin,***
destinationkrasno,-0.0366460880813172,0.0087429279387485,-4.19151208131344,2.78814733440899e-05,20,krasno,***
destinationludbreg,-0.0405324468565034,0.00787359205197367,-5.14789775606208,2.6701536747155e-07,20,ludbreg,***
destinationmarija_bistrica,-0.012705911173748,14.8062787465089,-0.000858143453279502,0.999315312981914,20,marija_bistrica,""
destinationnin,0.0844103550089402,16.7719596226247,0.00503282603274776,0.995984474960913,20,nin,""
destinationsinj,-0.0164334711951077,14.8062393262818,-0.00110990176728654,0.999114442619415,20,sinj,""
destinationsolin,0.0763833352516085,16.7720219425889,0.00455421150252907,0.99636634284812,20,solin,""
destinationtrsat,-0.0202838932202153,14.8062648071222,-0.00136995342744771,0.998906955305335,20,trsat,""
destinationvepric,-0.0577002707503166,0.00933597496439008,-6.18042260935799,6.57154337984261e-10,20,vepric,***
destinationvocin,-0.0698189006591418,0.00461149813290405,-15.1401775837159,2.25802829057735e-51,20,vocin,***
destinationkrasno,-0.00400352042555003,0.00734637735880064,-0.544965257026171,0.585786153083872,21,krasno,""
destinationludbreg,-0.00490018691817988,0.00627530282001728,-0.780868598492014,0.4348930759099,21,ludbreg,""
destinationmarija_bistrica,-0.0911938901802159,16.077000176313,-0.00567232003359532,0.995474249062818,21,marija_bistrica,""
destinationnin,-0.0673721304700348,18.555846824122,-0.00363077638593423,0.997103118027145,21,nin,""
destinationsinj,-0.0460489139087777,16.0769840133259,-0.00286427565460092,0.997714682890826,21,sinj,""
destinationsolin,-0.0638197131196159,18.5558821924744,-0.00343932519389992,0.997255870276274,21,solin,""
destinationtrsat,-0.0136922467656627,16.0770014307258,-0.000851666700700457,0.999320480588002,21,trsat,""
destinationvepric,-0.00379562826310893,0.00810284525098897,-0.468431538001502,0.639483361684013,21,vepric,""
destinationvocin,-0.00537906086444193,0.00400890270583833,-1.34177885050894,0.179689622149887,21,vocin,""
destinationkrasno,-0.0126782162327882,0.00656749487328544,-1.93044935358219,0.0535714943919034,22,krasno,""
destinationludbreg,-0.0128196231890652,0.00553176881145294,-2.31745462003465,0.0204934256118279,22,ludbreg,*
destinationmarija_bistrica,-0.0888398310427674,12.0838702033882,-0.00735193522832258,0.994134162700127,22,marija_bistrica,""
destinationnin,-0.0856475783061332,14.0312074203965,-0.0061040775565495,0.995129768569748,22,nin,""
destinationsinj,-0.0679417785620105,12.0838631129756,-0.00562252136810907,0.995513981301136,22,sinj,""
destinationsolin,-0.0726000578836701,14.0312384267148,-0.0051741732038024,0.995871699731926,22,solin,""
destinationtrsat,-0.0878826583877366,12.0838609157339,-0.0072727300488297,0.994197356464117,22,trsat,""
destinationvepric,0.0319078121831995,0.00942386072581726,3.38585353832597,0.000711535919634244,22,vepric,***
destinationvocin,-0.0161298434713668,0.00355081384399183,-4.54257648529208,5.60382731566633e-06,22,vocin,***
destinationkrasno,-0.00189056662781281,0.00663064309621356,-0.285125680930168,0.775552102277303,23,krasno,""
destinationludbreg,-0.0103386449776789,0.00526598016776095,-1.96328976720679,0.0496324138865277,23,ludbreg,*
destinationmarija_bistrica,-0.00333834704717443,13.4630007915159,-0.000247964558486706,0.999802156466274,23,marija_bistrica,""
destinationnin,0.157695937540074,15.6175093467245,0.0100973807051473,0.991943737588214,23,nin,""
destinationsinj,0.00383047501545827,13.4630207275332,0.000284518243935001,0.999772991370418,23,sinj,""
destinationsolin,-0.142929381785258,15.6174515460781,-0.0091519017275998,0.992698072134096,23,solin,""
destinationtrsat,-0.00192233294243273,13.4630697255911,-0.000142785633708685,0.999886075596028,23,trsat,""
destinationvepric,-0.0118545731714307,0.00670710315801381,-1.76746546044495,0.0771722375397448,23,vepric,""
destinationvocin,-0.0115754767272645,0.00345880112245266,-3.34667311517935,0.000820043350587637,23,vocin,***
destinationkrasno,0.00170430073825223,0.00995861739359342,0.171138288669332,0.864117520126367,24,krasno,""
destinationludbreg,-0.00340000358653457,0.00837330679413294,-0.406052670722266,0.684710148750737,24,ludbreg,""
destinationmarija_bistrica,-0.0830440298638719,22.476289963034,-0.003694739211874,0.997052084335782,24,marija_bistrica,""
destinationnin,0.0633098635161928,25.3803089575664,0.00249444810234742,0.998009756218773,24,nin,""
destinationsinj,0.0813073124231727,22.4763608941562,0.00361745892967541,0.997113743559058,24,sinj,""
destinationsolin,0.0638275763773021,25.3803750763456,0.00251483976045686,0.997993486373156,24,solin,""
destinationtrsat,-0.0808445403589174,22.4762962054251,-0.00359688000282734,0.997130162765031,24,trsat,""
destinationvepric,0.00145503377688433,0.0108203465391239,0.134472012668287,0.893031286945116,24,vepric,""
destinationvocin,-8.80076756966447e-05,0.00553333778247993,-0.0159049888433165,0.987310418173504,24,vocin,""
destinationkrasno,-0.00380697656024196,0.00591515272449903,-0.643597340179309,0.519847189695527,25,krasno,""
destinationludbreg,0.476722547244816,0.0171334948861361,27.8240108286701,7.44255626037962e-166,25,ludbreg,***
destinationmarija_bistrica,0.10840728599481,13.2688461299528,0.00817006127986471,0.993481423969105,25,marija_bistrica,""
destinationnin,-0.0272202502978249,15.1919616669708,-0.00179175348743836,0.99857041402356,25,nin,""
destinationsinj,0.117889894760281,13.2688171839015,0.00888473276301613,0.992911229623996,25,sinj,""
destinationsolin,-0.0271112663483563,15.191933418057,-0.00178458301536077,0.998576135120515,25,solin,""
destinationtrsat,0.106419213364757,13.2687918682726,0.00802026397137326,0.993600938863473,25,trsat,""
destinationvepric,0.10447567474905,0.0115717485941798,9.02851232022084,1.9658256752474e-19,25,vepric,***
destinationvocin,0.00544441106780121,0.00358601371659207,1.51823486971356,0.128977934512756,25,vocin,""
destinationkrasno,-0.000606961187379322,0.0068817598729289,-0.0881985420280288,0.929720146209796,26,krasno,""
destinationludbreg,-0.0146026732567423,0.00510698096999631,-2.85935532999507,0.00425134546864166,26,ludbreg,**
destinationmarija_bistrica,0.0128842088854313,12.8389944839993,0.00100352164661247,0.999199320101805,26,marija_bistrica,""
destinationnin,-0.0702846167468538,14.7000814112495,-0.0047812399659955,0.996185205572836,26,nin,""
destinationsinj,-0.00618044765782426,12.8390167353439,-0.000481380138777326,0.999615921139699,26,sinj,""
destinationsolin,-0.0657854633146558,14.7000568234109,-0.00447518428703539,0.996429395666935,26,solin,""
destinationtrsat,-0.00992334344317728,12.8389949069226,-0.000772906564346933,0.99938332093423,26,trsat,""
destinationvepric,-0.0124904292050947,0.00677562488665117,-1.84343575892202,0.0652866798686077,26,vepric,""
destinationvocin,0.0136015032290772,0.00401345781902674,3.38897375838762,0.000703495175680671,26,vocin,***
destinationkrasno,0.00323093640283965,0.0106314923975902,0.30390243269816,0.761206771618711,27,krasno,""
destinationludbreg,-0.0442372911154776,0.00667505772891936,-6.6272522144373,3.54589584478276e-11,27,ludbreg,***
destinationmarija_bistrica,0.182020201820682,16.9782946093168,0.010720758828204,0.991446389704966,27,marija_bistrica,""
destinationnin,-0.060711813051013,19.3706387125538,-0.00313421844018322,0.997499304551722,27,nin,""
destinationsinj,0.244261776984484,16.9783153356777,0.0143866910323664,0.988521683711032,27,sinj,""
destinationsolin,-0.0332408800058004,19.3705846809228,-0.00171604938897574,0.998630815976001,27,solin,""
destinationtrsat,0.214235707175277,16.9782909541226,0.0126182139152974,0.989932570117096,27,trsat,""
destinationvepric,0.191836800541905,0.0146476849720656,13.0967317298095,5.84441369716162e-39,27,vepric,***
destinationvocin,-0.00974614592420332,0.00486299577504034,-2.00414443586936,0.0450739490080899,27,vocin,*
destinationkrasno,-0.00416196186357923,0.00689000145226469,-0.604058198305782,0.545814804656401,28,krasno,""
destinationludbreg,0.0258539510852339,0.00673580654802196,3.83828586835325,0.000124444715986998,28,ludbreg,***
destinationmarija_bistrica,-0.107356715214718,14.8015475455144,-0.00725307369953026,0.994213039266105,28,marija_bistrica,""
destinationnin,-0.0318646337075518,16.981816045814,-0.00187639729588323,0.998502879363478,28,nin,""
destinationsinj,-0.149945499427517,14.8015552153836,-0.0101303881413539,0.991917403284979,28,sinj,""
destinationsolin,-0.0283810855580641,16.9818105967475,-0.00167126381467827,0.998666549000568,28,solin,""
destinationtrsat,-0.16001905296701,14.8015092321387,-0.0108109957205958,0.991374396548771,28,trsat,""
destinationvepric,0.00586939950673683,0.00788843849551025,0.744050867618151,0.45685827460044,28,vepric,""
destinationvocin,0.00387674501897735,0.00401259228757229,0.966144761575783,0.3339885517419,28,vocin,""
destinationkrasno,0.0204463478758495,0.00909813926548331,2.24731093679992,0.0246357763858269,29,krasno,*
destinationludbreg,0.00436063038892615,0.0070669711878768,0.617043748021315,0.537215973437003,29,ludbreg,""
destinationmarija_bistrica,0.347349017208777,14.341716278571,0.0242194874352504,0.980677881497606,29,marija_bistrica,""
destinationnin,0.234501581577682,16.4181978418015,0.0142830281275226,0.988604384757146,29,nin,""
destinationsinj,0.316941443831497,14.3416822314543,0.0220993213150671,0.982369044952475,29,sinj,""
destinationsolin,0.228418959166897,16.4182349805111,0.0139125161406227,0.988899975856823,29,solin,""
destinationtrsat,0.321938239645847,14.3417014770621,0.0224477019104568,0.982091151399407,29,trsat,""
destinationvepric,0.00950728961585276,0.00856711210001919,1.10974264196117,0.267129133322378,29,vepric,""
destinationvocin,0.0053932570625268,0.004327433135777,1.2462947186724,0.212677211796332,29,vocin,""
destinationkrasno,0.00260398587299397,0.00586715647937916,0.443824173114523,0.657176616054139,30,krasno,""
destinationludbreg,0.0180310649872927,0.00556268073436034,3.2414344537007,0.00119209782054619,30,ludbreg,**
destinationmarija_bistrica,0.0225073633649689,10.9482858866506,0.00205578878721212,0.998359748512456,30,marija_bistrica,""
destinationnin,0.0386962431629487,12.7704286236681,0.00303014443001788,0.997582341710169,30,nin,""
destinationsinj,0.0292887488502392,10.9482858102048,0.00267519037756025,0.997865547822653,30,sinj,""
destinationsolin,0.0470186559995189,12.7704412717696,0.00368183487155285,0.997062380254541,30,solin,""
destinationtrsat,0.011229120732257,10.9482492461569,0.00102565446582235,0.99918166099366,30,trsat,""
destinationvepric,0.0244353340530489,0.0079456286352211,3.0753179106223,0.00210686203768049,30,vepric,**
destinationvocin,-0.00365695612896303,0.00298508984287167,-1.22507405855665,0.220568069655403,30,vocin,""
